{"cameraMode":{"drawMode":0,"name":"Shaded","section":"Shading Mode"},"sceneLighting":true,"audioPlay":false,"sceneViewState":{"m_AlwaysRefresh":false,"showFog":true,"showSkybox":true,"showFlares":true,"showImageEffects":true,"showParticleSystems":true,"showVisualEffectGraphs":true,"m_FxEnabled":true},"in2DMode":false,"pivot":{"x":13.708356857299805,"y":15.284494400024414,"z":-6.241559982299805},"rotation":{"x":-0.004434935748577118,"y":0.9863475561141968,"z":0.16240668296813966,"w":0.026934895664453508},"size":24.072416305541993,"orthographic":false}